{
    "clinical_pred": 1,
    "clinical_proba": 0.9751470685005188,
    "speech_pred": 0,
    "speech_proba": 0.4776187837123871,
    "meta_pred": 1,
    "meta_proba": 0.9237267037998602
}